Total sizes:,,,
Used static DRAM,73828 bytes (50752 remain 59.3% used),,,
.data size,24908 bytes,,,
.bss  size,48920 bytes,,,
Used static IRAM,130634 bytes (438 remain 99.7% used),,,
.text size,129607 bytes,,,
.vectors size,1027 bytes,,,
Used Flash size ,1349255 bytes,,,
.text,1040963 bytes,,,
.rodata,308036 bytes,,,
Total image size,1504797 bytes (.bin may be padded larger),,,
Per-file contributions to ELF file:
Object File,DRAM .data,& 0.bss,IRAM0 .text,& 0.vectors,ram_st_total,Flash .text,& .rodata,& .rodata_noload,& .appdesc
pthread.c.obj,8,8,0,0,16,683,124391,0,0
x509_crt_bundle.S.obj,0,0,0,0,0,0,64061,0,0
ecp_curves.c.obj,0,0,0,0,0,6915,29540,0,0
phy_chip_v7.o,250,536,2182,0,2968,15864,0,0,0
mp3_decoder.c.obj,0,0,0,0,0,3739,14461,0,0
http_parser.c.obj,0,0,0,0,0,15205,734,0,0
ieee80211_output.o,2,21,2079,0,2102,12948,548,102,0
pp.o,1154,53,7264,0,8471,5620,639,0,0
wl_cnx.o,2,3889,277,0,4168,13313,1036,2447,0
libc_a-vfprintf.o,0,0,0,0,0,13553,576,0,0
phy_chip_v7_cal.o,175,54,4039,0,4268,9733,0,0,0
ieee80211_sta.o,12,38,1442,0,1492,11401,1035,1989,0
libc_a-svfprintf.o,0,0,0,0,0,13137,576,0,0
ieee80211_ioctl.o,4,112,271,0,387,11213,1941,524,0
pm.o,44,488,3335,0,3867,8795,1031,0,0
ff.c.obj,0,10,0,0,10,13005,185,0,0
ieee80211_hostap.o,1,41,0,0,42,11044,1030,580,0
tasks.c.obj,16,696,3172,0,3884,7712,701,0,0
ieee80211_scan.o,18,293,0,0,311,10963,591,2979,0
lld_evt.o,81,102,7115,0,7298,4305,0,0,0
phy_chip_v7_ana.o,167,50,2689,0,2906,8186,0,0,0
sae.c.obj,0,0,0,0,0,10971,32,0,0
sockets.c.obj,0,608,0,0,608,10559,330,0,0
nd6.c.obj,8,932,0,0,940,10764,111,0,0
ieee80211_ht.o,1,4,1173,0,1178,8403,1206,47,0
lld.o,2,0,59,0,61,10423,0,0,0
libc_a-svfiprintf.o,0,0,0,0,0,9394,1048,0,0
uart.c.obj,56,13,2406,0,2475,7483,471,0,0
libc_a-vfiprintf.o,0,0,0,0,0,9592,576,0,0
libc_a-svfscanf.o,0,0,0,0,0,9009,758,0,0
pvmp3_tables.cpp.obj,0,0,0,0,0,0,9442,0,0
ecp.c.obj,0,72,0,0,72,8892,236,0,0
tcp_in.c.obj,0,52,0,0,52,8698,154,0,0
llm.o,0,112,74,0,186,8751,0,0,0
wpa.c.obj,0,872,0,0,872,8792,0,0,0
ssl_tls.c.obj,26,0,0,0,26,8489,220,0,0
libc_a-svfiscanf.o,0,0,0,0,0,8157,318,0,0
trc.o,664,104,1441,0,2209,5388,906,0,0
wdev.o,121,133,4221,0,4475,3435,500,0,0
ble_gap.c.obj,0,132,0,0,132,8239,25,0,0
ble_sm.c.obj,0,436,0,0,436,7997,104,0,0
downloader.cpp.obj,0,11354,0,0,11354,8022,0,0,0
wpa_auth.c.obj,0,68,0,0,68,7662,0,0,0
esp_http_client.c.obj,0,0,0,0,0,7201,164,0,0
i2c.c.obj,48,10,1262,0,1320,5455,330,0,0
ble_gattc.c.obj,0,268,0,0,268,6651,351,0,0
lmac.o,48,181,1803,0,2032,4379,680,0,0
ieee80211_input.o,0,0,0,0,0,6337,483,1217,0
tlsf.c.obj,0,0,5391,0,5391,1133,276,0,0
cow-string-inst.o,0,16,0,0,16,6595,79,0,0
system.cpp.obj,0,5,0,0,5,6604,0,0,0
rsa.c.obj,0,0,0,0,0,6593,0,0,0
ble_att_svr.c.obj,0,846,0,0,846,6510,0,0,0
arch_main.o,492,19,941,0,1452,4975,0,0,0
wdt_hal_iram.c.obj,4832,0,1516,0,6348,0,0,0,0
ssl_tls12_server.c.obj,0,0,0,0,0,6192,6,0,0
gpio.c.obj,36,0,413,0,449,5154,500,0,0
tcp_out.c.obj,0,0,0,0,0,5677,426,0,0
audio_element.c.obj,0,0,0,0,0,5958,135,0,0
x509_crt.c.obj,0,0,0,0,0,6021,45,0,0
dhcp.c.obj,0,64,0,0,64,5771,226,0,0
tcp.c.obj,2,23,0,0,25,5573,368,0,0
i2s_common.c.obj,0,0,312,0,312,5337,251,0,0
api_msg.c.obj,0,0,0,0,0,5546,320,0,0
esp_sha512.c.obj,0,0,0,0,0,5055,768,0,0
sdmmc_host.c.obj,0,48,0,0,48,5446,337,0,0
ringbuf.c.obj,0,0,3304,0,3304,1766,605,0,0
spi_master.c.obj,0,12,2785,0,2797,2514,342,0,0
ssl_msg.c.obj,0,0,0,0,0,5510,0,0,0
esp_sha1.c.obj,0,0,0,0,0,5444,64,0,0
ieee80211_nvs.o,4,1284,0,0,1288,4915,491,0,0
ssl_tls12_client.c.obj,0,0,0,0,0,5320,0,0,0
ble_gatts.c.obj,28,54,0,0,82,5240,4,0,0
bignum.c.obj,0,0,0,0,0,5100,167,0,0
spi_common.c.obj,131,33,125,0,289,4763,205,0,0
ieee80211_api.o,20,17,0,0,37,4618,450,0,0
i2s_pdm.c.obj,0,0,0,0,0,4693,368,0,0
dns.c.obj,0,1323,0,0,1323,4941,88,0,0
string-inst.o,0,0,0,0,0,4857,96,0,0
vfs_uart.c.obj,116,20,234,0,370,4194,311,0,0
esp_netif_lwip.c.obj,0,21,0,0,21,4760,38,0,0
nvs_page.cpp.obj,0,0,0,0,0,4713,0,0,0
hli_vectors.S.obj,4380,0,281,0,4661,0,0,0,0
vfs_fat.c.obj,0,12,0,0,12,4568,84,0,0
vfs.c.obj,192,40,73,0,305,4363,15,0,0
nvs_storage.cpp.obj,0,0,0,0,0,4559,0,0,0
npl_os_freertos.c.obj,8,1705,0,0,1713,3787,732,0,0
bt.c.obj,126,0,800,0,926,2882,700,0,0
NimBLEAdvertising.cpp.ob,0,0,0,0,0,4465,0,0,0
lld_pdu.o,63,47,3416,0,3526,887,45,0,0
port.c.obj,3084,40,745,0,3869,501,56,0,0
queue.c.obj,0,0,1219,0,1219,2462,535,0,0
ip6.c.obj,0,0,0,0,0,3990,18,0,0
libc_a-strtod.o,0,0,0,0,0,3884,104,0,0
mpeg_parser.c.obj,0,0,0,0,0,3853,84,0,0
ieee80211_supplicant.o,4,160,0,0,164,3767,122,265,0
NimBLEServer.cpp.obj,4,0,0,0,4,3802,76,0,0
udp.c.obj,2,4,0,0,6,3759,50,0,0
hal_mac.o,0,0,527,0,527,3247,6,0,0
esp_sha256.c.obj,0,0,0,0,0,3389,320,0,0
esp_mmu_map.c.obj,4,124,753,0,881,2803,142,0,0
netif.c.obj,0,265,0,0,265,3327,303,0,0
coexist_scheme.o,1181,60,113,0,1354,2311,22,0,0
sdmmc_cmd.c.obj,0,0,0,0,0,3361,230,0,0
libc_a-dtoa.o,0,0,0,0,0,3569,0,0,0
pkparse.c.obj,0,0,0,0,0,3567,0,0,0
intr_alloc.c.obj,8,22,769,0,799,2655,131,0,0
aria.c.obj,0,0,0,0,0,2479,1072,0,0
dbg_task.o,0,0,0,0,0,3185,328,0,0
i2s_stream_idf5.c.obj,0,344,0,0,344,3426,41,0,0
ble_app.cpp.obj,8,4,0,0,12,3331,100,0,0
rtc_clk.c.obj,23,4,3317,0,3344,0,0,0,0
sdspi_host.c.obj,0,12,0,0,12,3271,27,0,0
esp_flash_api.c.obj,84,0,2851,0,2935,24,245,0,0
dhcpserver.c.obj,0,0,0,0,0,3137,27,0,0
cJSON.c.obj,12,8,0,0,20,3088,0,0,0
cipher.c.obj,0,0,0,0,0,3100,0,0,0
esp_tls.c.obj,0,0,0,0,0,3083,0,0,0
sha3.c.obj,0,0,0,0,0,3025,48,0,0
sae_pk.c.obj,0,0,0,0,0,2012,1056,0,0
wpa_common.c.obj,0,0,0,0,0,3039,12,0,0
x509.c.obj,0,0,0,0,0,3034,0,0,0
libm_a-e_pow.o,0,0,0,0,0,2970,48,0,0
spi_flash_chip_generic.c,250,0,2750,0,3000,0,0,0,0
ts_parser.c.obj,0,0,0,0,0,2947,0,0,0
libc_a-mprec.o,0,0,0,0,0,2638,296,0,0
ieee80211_timer.o,256,0,0,0,256,1442,1193,0,0
esp_tls_mbedtls.c.obj,0,4,0,0,4,2770,92,0,0
ble_sm_sc.c.obj,0,97,0,0,97,2803,50,0,0
periph_ctrl.c.obj,8,34,508,0,550,2254,63,0,0
etharp.c.obj,0,241,0,0,241,2710,121,0,0
ieee80211.o,0,680,0,0,680,2369,462,0,0
esp_event.c.obj,0,0,0,0,0,2709,121,0,0
llm_hci.o,0,0,0,0,0,2803,0,0,0
spi_hal_iram.c.obj,48,0,2715,0,2763,0,0,0,0
i2s_std.c.obj,0,0,0,0,0,2546,163,0,0
pbuf.c.obj,0,1,0,0,1,2536,170,0,0
sdmmc_sd.c.obj,0,0,0,0,0,2438,268,0,0
i2s_hal.c.obj,0,0,0,0,0,2695,0,0,0
esf_buf.o,328,192,589,0,1109,1306,449,0,0
huart.o,0,4,1006,0,1010,1613,0,0,0
esp_wpa3.c.obj,8,156,0,0,164,2559,0,0,0
rwble.o,98,84,2443,0,2625,23,0,0,0
transport_ssl.c.obj,0,0,0,0,0,2523,24,0,0
ecdsa.c.obj,0,0,0,0,0,2452,0,0,0
NimBLECharacteristic.cpp,4,0,0,0,4,2394,40,0,0
os_mbuf.c.obj,8,0,0,0,8,2408,20,0,0
rf_espressif.o,5,0,511,0,516,1886,15,0,0
llc_hci.o,0,4,280,0,284,2109,7,0,0
ble_sm_alg.c.obj,0,128,0,0,128,2291,101,0,0
hci_tl.o,0,1,396,0,397,1975,0,0,0
ble_hs_resolv.c.obj,0,425,0,0,425,2366,0,0,0
crypto_mbedtls-ec.c.obj,0,0,0,0,0,2361,0,0,0
oid.c.obj,0,0,0,0,0,795,1541,0,0
md.c.obj,0,0,0,0,0,2249,80,0,0
ieee802_11.c.obj,0,0,0,0,0,2301,0,0,0
pvmp3_framedecoder.cpp.o,0,0,0,0,0,2268,0,0,0
esp_aes_gcm.c.obj,0,0,0,0,0,2139,128,0,0
task_wdt.c.obj,33,5,0,0,38,2037,115,0,0
bignum_core.c.obj,0,0,0,0,0,2165,0,0,0
wpa_auth_ie.c.obj,0,0,0,0,0,2152,0,0,0
llc_llcp.o,0,0,412,0,412,1738,0,0,0
raw.c.obj,0,4,0,0,4,2060,28,0,0
coexist_core.o,277,1,941,0,1219,840,0,0,0
ble_store_config.c.obj,0,791,0,0,791,2045,0,0,0
if_hwctrl.o,0,41,40,0,81,1957,38,150,0
player.cpp.obj,0,211,0,0,211,1946,88,0,0
bt_bb.o,0,4,2026,0,2030,0,0,0,0
NimBLEDevice.cpp.obj,4,39,0,0,43,2001,4,0,0
spi_flash_hal_iram.c.obj,0,0,2006,0,2006,0,0,0,0
spi_bus_lock.c.obj,17,0,1303,0,1320,571,102,0,0
phy_init.c.obj,16,17,220,0,253,1490,244,0,0
ssl_ciphersuites.c.obj,0,240,0,0,240,274,1688,0,0
es8388.c.obj,40,8,0,0,48,1883,28,0,0
sdmmc_transaction.c.obj,0,85,0,0,85,1791,148,0,0
nvs_api.cpp.obj,0,16,0,0,16,1919,0,0,0
esp_id3_parse.c.obj,0,0,0,0,0,1759,152,0,0
audio_pipeline.c.obj,0,4,0,0,4,1798,103,0,0
ssl_client.c.obj,0,0,0,0,0,1835,0,0,0
vfs_fat_sdmmc.c.obj,4,8,0,0,12,1780,48,0,0
rwip.o,0,12,216,0,228,1589,12,0,0
heap_caps.c.obj,4,4,1379,0,1387,234,189,0,0
xtensa_vectors.S.obj,20,0,1314,424,1758,0,36,0,0
esp_err_to_name.c.obj,0,0,0,0,0,51,1742,0,0
NimBLEScan.cpp.obj,0,0,0,0,0,1788,0,0,0
sdmmc_mmc.c.obj,0,0,0,0,0,1649,135,0,0
ble_hs_hci_evt.c.obj,0,0,0,0,0,1581,194,0,0
esp_adapter.c.obj,472,5,324,0,801,979,0,0,0
api_lib.c.obj,0,0,0,0,0,1684,83,0,0
ble_hs.c.obj,0,204,0,0,204,1698,68,0,0
mld6.c.obj,0,1,0,0,1,1750,0,0,0
cipher_wrap.c.obj,28,0,0,0,28,646,1068,0,0
esp_clock_output.c.obj,112,4,0,0,116,1535,92,0,0
ble_att_clt.c.obj,0,0,0,0,0,1719,0,0,0
wpa_ie.c.obj,0,0,0,0,0,1695,19,0,0
fatfs_stream.c.obj,0,0,0,0,0,1680,31,0,0
sdmmc_common.c.obj,0,0,0,0,0,1522,157,0,0
ip4.c.obj,0,6,0,0,6,1654,22,0,0
pvmp3_decode_huff_cw.cpp,0,0,0,0,0,1668,0,0,0
ieee80211_crypto.o,0,116,0,0,116,1379,289,0,0
ccm.c.obj,0,0,0,0,0,1664,0,0,0
pvmp3_mpeg2_stereo_proc.,0,0,0,0,0,1598,32,0,0
mmu_hal.c.obj,206,0,1421,0,1627,0,0,0,0
esp_timer.c.obj,8,8,787,0,803,796,21,0,0
igmp.c.obj,0,9,0,0,9,1578,28,0,0
wl_chm.o,4,252,30,0,286,1498,44,200,0
ea.o,0,4,1282,0,1286,253,0,0,0
rsa_alt_helpers.c.obj,0,0,0,0,0,1526,0,0,0
esp_peripherals.c.obj,0,0,0,0,0,1392,131,0,0
vhci.o,0,4,655,0,659,842,0,0,0
pvmp3_stereo_proc.cpp.ob,0,0,0,0,0,1461,32,0,0
ble_l2cap_sig.c.obj,0,57,0,0,57,1379,108,0,0
libc_a-mktime.o,0,0,0,0,0,1390,96,0,0
wifi.cpp.obj,0,6,0,0,6,1484,0,0,0
libc_a-strerror.o,0,0,0,0,0,906,572,0,0
esp_aes.c.obj,8,0,0,0,8,1458,0,0,0
sys_arch.c.obj,0,12,0,0,12,1277,165,0,0
timers.c.obj,8,304,0,0,312,1305,110,0,0
ieee80211_crypto_ccmp.o,24,0,0,0,24,1090,307,0,0
ble_hs_adv.c.obj,0,0,0,0,0,1386,0,0,0
pkcs12.c.obj,0,0,0,0,0,1386,0,0,0
pvmp3_dequantize_sample.,0,0,0,0,0,1248,132,0,0
heap_caps_init.c.obj,8,4,0,0,12,1319,49,0,0
esp_bignum.c.obj,0,0,0,0,0,1338,31,0,0
llc.o,0,37,48,0,85,1320,0,0,0
cpu_start.c.obj,0,5,1020,0,1025,348,0,0,0
ble_hs_hci.c.obj,0,362,0,0,362,1364,0,0,0
rtc_io.c.obj,0,0,0,0,0,1116,245,0,0
audio_event_iface.c.obj,0,0,0,0,0,1301,54,0,0
coexist_arbit.o,186,0,705,0,891,464,0,0,0
ffunicode.c.obj,0,0,0,0,0,390,942,0,0
libc_a-gdtoa-gethex.o,0,0,0,0,0,1330,0,0,0
initializer.cpp.obj,0,8192,0,0,8192,1326,0,0,0
pvmp3_equalizer.cpp.obj,0,0,0,0,0,301,1024,0,0
ringbuf.c.obj,0,0,0,0,0,1314,10,0,0
esp_alc.c.obj,0,0,0,0,0,1295,0,0,0
NimBLEService.cpp.obj,0,0,0,0,0,1280,0,0,0
rtc_time.c.obj,0,0,1234,0,1234,0,37,0,0
ieee80211_power.o,0,0,0,0,0,1234,35,0,0
common.c.obj,0,0,0,0,0,1246,0,0,0
pem.c.obj,0,0,0,0,0,1244,0,0,0
ctr_drbg.c.obj,0,0,0,0,0,1240,0,0,0
esp_wpa_main.c.obj,0,9,0,0,9,1231,0,0,0
wifi_default.c.obj,0,13,0,0,13,1189,34,0,0
esp_timer_impl_lac.c.obj,0,8,628,0,636,527,59,0,0
libc_a-tzset_r.o,0,28,0,0,28,1210,0,0,0
i2c_bus.c.obj,0,8,0,0,8,1119,69,0,0
ble_hs_conn.c.obj,0,332,0,0,332,1161,24,0,0
i2c_hal.c.obj,0,0,0,0,0,1154,29,0,0
rtc_io_periph.c.obj,0,0,0,0,0,0,1168,0,0
hal_mac_tx.o,0,0,32,0,32,1076,56,0,0
pk.c.obj,0,0,0,0,0,1157,0,0,0
ieee80211_nan_datapath.o,1,540,112,0,653,975,60,115,0
base64.c.obj,0,0,0,0,0,1130,0,0,0
ieee80211_phy.o,0,0,0,0,0,663,465,0,0
iot_qbus.cpp.obj,0,156,0,0,156,1120,0,0,0
nvs_pagemanager.cpp.obj,0,0,0,0,0,1115,0,0,0
esp_efuse_utility.c.obj,0,4,0,0,4,1028,85,0,0
ecdh.c.obj,0,0,0,0,0,1112,0,0,0
pk_wrap.c.obj,0,0,0,0,0,856,256,0,0
spi_hal.c.obj,0,0,0,0,0,1072,31,0,0
ecc_p256.o,0,0,0,0,0,1058,44,0,0
pmksa_cache.c.obj,0,0,0,0,0,1098,0,0,0
hal_crypto.o,0,0,0,0,0,1066,27,0,0
rtc_init.c.obj,0,0,0,0,0,1091,0,0,0
asn1parse.c.obj,0,0,0,0,0,1091,0,0,0
nvs_partition_manager.cp,0,4,0,0,4,1075,16,0,0
cache_utils.c.obj,4,14,835,0,853,101,147,0,0
ke_task.o,28,0,991,0,1019,62,0,0,0
crypto_mbedtls.c.obj,0,0,0,0,0,1081,0,0,0
xtensa_intr_asm.S.obj,1024,0,51,0,1075,0,0,0,0
mac_addr.c.obj,56,0,0,0,56,992,22,0,0
eh_alloc.o,0,16,0,0,16,891,176,0,0
coexist_hw.o,1,0,1060,0,1061,0,0,0,0
bootloader_flash_config_,0,0,947,0,947,105,0,0,0
pkcs5.c.obj,0,0,0,0,0,1050,0,0,0
log.c.obj,8,264,42,0,314,959,39,0,0
periph_sdcard.c.obj,0,0,86,0,86,941,19,0,0
libm_a-e_log.o,0,0,0,0,0,1038,0,0,0
eloop.c.obj,0,36,0,0,36,1035,0,0,0
esp_ipc.c.obj,336,40,195,0,571,476,26,0,0
memory_layout.c.obj,0,0,0,0,0,0,1016,0,0
http_header.c.obj,0,0,0,0,0,946,61,0,0
uart_hal.c.obj,0,0,0,0,0,1002,0,0,0
esp_crt_bundle.c.obj,0,420,0,0,420,1001,0,0,0
pvmp3_imdct_synth.cpp.ob,0,0,0,0,0,515,480,0,0
sdspi_transaction.c.obj,0,5,0,0,5,986,0,0,0
panic_arch.c.obj,0,0,0,0,0,687,288,0,0
startup.c.obj,0,11,54,0,65,890,29,0,0
intc.o,0,0,654,0,654,318,0,0,0
tcpip.c.obj,0,12,0,0,12,834,133,0,0
transport.c.obj,0,0,0,0,0,898,66,0,0
hal_ampdu.o,0,0,0,0,0,813,149,0,0
qbus_s.cpp.obj,0,42,0,0,42,961,0,0,0
cpu.c.obj,0,0,273,0,273,110,564,0,0
hli_api.c.obj,148,4,494,0,646,285,16,0,0
locks.c.obj,8,168,691,0,867,141,95,0,0
partition.c.obj,0,8,0,0,8,896,37,0,0
partition_target.c.obj,0,0,0,0,0,801,131,0,0
panic.c.obj,12,5,46,0,63,858,16,0,0
cmac.c.obj,0,0,0,0,0,929,0,0,0
event_groups.c.obj,0,0,0,0,0,829,98,0,0
esp_hostap.c.obj,0,4,0,0,4,924,0,0,0
coex_schm.o,0,16,205,0,221,714,0,0,0
NimBLEClient.cpp.obj,4,0,0,0,4,832,48,0,0
pmksa_cache_auth.c.obj,0,0,0,0,0,878,0,0,0
pvmp3_mpeg2_get_scale_da,0,0,0,0,0,587,288,0,0
aes-ccm.c.obj,0,0,0,0,0,874,0,0,0
dragonfly.c.obj,0,0,0,0,0,870,0,0,0
ble_store.c.obj,0,0,0,0,0,860,0,0,0
sdmmc_io.c.obj,0,0,0,0,0,804,53,0,0
sdcard.c.obj,4,4,0,0,8,665,184,0,0
multi_heap.c.obj,0,0,533,0,533,268,49,0,0
spi_flash_chip_winbond.c,140,0,710,0,850,0,0,0,0
bootloader_flash.c.obj,0,0,802,0,802,0,40,0,0
hci.o,0,0,0,0,0,836,0,0,0
esp_nimble_hci.c.obj,0,4,0,0,4,773,60,0,0
libc_a-fseeko.o,0,0,0,0,0,830,0,0,0
NimBLERemoteCharacterist,0,0,0,0,0,828,0,0,0
esp_aes_xts.c.obj,0,0,0,0,0,827,0,0,0
time.c.obj,0,20,126,0,146,699,0,0,0
NimBLEAdvertisedDevice.c,0,0,0,0,0,821,0,0,0
pvmp3_mdct_18.cpp.obj,0,0,0,0,0,709,108,0,0
fastpbkdf2.c.obj,0,0,0,0,0,778,27,0,0
diskio_sdmmc.c.obj,0,10,0,0,10,676,102,0,0
llm_util.o,0,0,0,0,0,771,0,0,0
icmp.c.obj,0,0,0,0,0,729,30,0,0
hmac_drbg.c.obj,0,0,0,0,0,754,0,0,0
crypto_mbedtls-bignum.c.,0,0,0,0,0,751,0,0,0
ble_l2cap.c.obj,0,280,0,0,280,727,20,0,0
vfs_console.c.obj,0,12,0,0,12,583,164,0,0
clk_tree_hal.c.obj,0,0,0,0,0,685,58,0,0
uart_hal_iram.c.obj,60,0,682,0,742,0,0,0,0
ble_sm_lgcy.c.obj,0,0,0,0,0,690,50,0,0
i2s_platform.c.obj,24,0,0,0,24,650,64,0,0
ieee80211_action.o,192,0,0,0,192,537,7,0,0
wifi_init.c.obj,0,5,0,0,5,727,8,0,0
transport.c.obj,0,152,0,0,152,696,38,0,0
clk.c.obj,0,0,0,0,0,715,17,0,0
pvmp3_get_scale_factors.,0,0,0,0,0,586,144,0,0
nvs_handle_simple.cpp.ob,0,0,0,0,0,602,128,0,0
debug_helpers.c.obj,0,0,722,0,722,0,0,0,0
ieee80211_regdomain.o,0,0,0,0,0,719,0,0,0
llc_util.o,0,0,0,0,0,715,0,0,0
ble_hs_id.c.obj,0,12,0,0,12,713,0,0,0
netdb.c.obj,0,0,0,0,0,690,17,0,0
dct_16.S.obj,0,0,699,0,699,0,0,0,0
aes-siv.c.obj,0,0,0,0,0,683,16,0,0
libc_a-fvwrite.o,0,0,0,0,0,695,0,0,0
functexcept.o,0,0,0,0,0,268,423,0,0
ble_svc_gap.c.obj,128,2,0,0,130,421,141,0,0
ccmp.c.obj,0,0,0,0,0,688,0,0,0
panic_handler.c.obj,8,8,66,0,82,613,0,0,0
NimBLERemoteService.cpp.,0,0,0,0,0,666,16,0,0
icmp6.c.obj,0,0,0,0,0,610,61,0,0
ble_att.c.obj,0,2,0,0,2,409,240,0,0
sha.c.obj,16,13,0,0,29,539,88,0,0
portasm.S.obj,0,0,642,0,642,0,0,0,0
ble_uuid.c.obj,16,0,0,0,16,624,0,0,0
entropy.c.obj,0,0,0,0,0,638,0,0,0
pvmp3_get_side_info.cpp.,0,0,0,0,0,636,0,0,0
ble_hs_startup.c.obj,0,0,0,0,0,635,0,0,0
rate_control.o,0,0,0,0,0,290,344,0,0
timeouts.c.obj,0,12,0,0,12,550,83,0,0
pvmp3_huffman_parsing.cp,0,0,0,0,0,623,0,0,0
libc_a-lcltime_r.o,0,0,0,0,0,616,0,0,0
ip4_addr.c.obj,0,0,0,0,0,541,61,0,0
stdexcept.o,0,0,0,0,0,419,180,0,0
sdcard.cpp.obj,0,4,0,0,4,580,16,0,0
pvmp3_polyphase_filter_w,0,0,0,0,0,591,0,0,0
main.cpp.obj,0,28,0,0,28,586,4,0,0
ble_hs_flow.c.obj,0,58,0,0,58,575,0,0,0
memory_layout_utils.c.ob,0,0,0,0,0,548,27,0,0
pthread_local_storage.c.,8,4,0,0,12,518,46,0,0
ble_hs_pvcy.c.obj,0,35,0,0,35,561,0,0,0
esp_clk_tree_common.c.ob,0,8,0,0,8,484,63,0,0
iot_qbus_port.cpp.obj,0,4,316,0,320,223,0,0,0
system_internal.c.obj,0,0,510,0,510,0,16,0,0
ble_svc_gatt.c.obj,128,7,0,0,135,326,70,0,0
esp_coex_adapter.c.obj,88,0,173,0,261,260,0,0,0
libc_a-gmtime_r.o,0,0,0,0,0,518,0,0,0
pvmp3_dct_16.cpp.obj,0,0,0,0,0,349,168,0,0
inet_chksum.c.obj,0,0,0,0,0,510,0,0,0
libm_a-e_sqrt.o,0,0,0,0,0,486,16,0,0
hal_sniffer.o,0,0,0,0,0,502,0,0,0
memspi_host_driver.c.obj,95,0,405,0,500,0,0,0,0
spi_flash_os_func_app.c.,56,0,367,0,423,49,25,0,0
app_startup.c.obj,0,1,0,0,1,464,32,0,0
audio_thread.c.obj,0,0,0,0,0,434,54,0,0
pvmp3_alias_reduction.cp,0,0,0,0,0,424,64,0,0
bignum_alt.c.obj,0,0,0,0,0,487,0,0,0
pp_timer.o,96,4,0,0,100,364,26,0,0
esp_ipc_isr.c.obj,12,32,405,0,449,35,30,0,0
wifi_netif.c.obj,0,24,60,0,84,420,0,0,0
esp_netif_handlers.c.obj,0,0,0,0,0,446,27,0,0
cache_hal_esp32.c.obj,30,8,441,0,479,0,0,0,0
spi_flash_hal.c.obj,0,0,0,0,0,470,0,0,0
libc_a-locale.o,4,0,0,0,4,100,364,0,0
comeback_token.c.obj,0,0,0,0,0,466,0,0,0
pvmp3_polyphase_filter_w,0,0,465,0,465,0,0,0,0
nvs_item_hash_list.cpp.o,0,0,0,0,0,465,0,0,0
rtc_module.c.obj,32,4,184,0,220,247,0,0,0
os_mempool.c.obj,8,0,0,0,8,453,0,0,0
newlib_init.c.obj,144,0,0,0,144,317,0,0,0
libc_a-gdtoa-hexnan.o,0,0,0,0,0,459,0,0,0
esp_dma_utils.c.obj,0,0,0,0,0,403,56,0,0
dh_groups.c.obj,0,0,0,0,0,42,417,0,0
esp_clk_tree.c.obj,0,0,0,0,0,426,29,0,0
crosscore_int.c.obj,8,8,255,0,271,146,46,0,0
NimBLEDescriptor.cpp.obj,4,0,0,0,4,422,28,0,0
clk_ctrl_os.c.obj,8,8,0,0,16,367,74,0,0
ets_timer_legacy.c.obj,0,0,260,0,260,140,47,0,0
esp_app_desc.c.obj,0,10,0,0,10,184,4,0,256
mpi_hal.c.obj,0,0,0,0,0,417,27,0,0
esp_wpas_glue.c.obj,0,0,0,0,0,444,0,0,0
ble_store_util.c.obj,0,0,0,0,0,439,0,0,0
audio_hal.c.obj,0,0,0,0,0,421,15,0,0
spi_flash_chip_gd.c.obj,127,0,307,0,434,0,0,0,0
board.c.obj,0,4,0,0,4,363,68,0,0
ieee80211_nan_common.o,0,356,0,0,356,391,39,0,0
ieee80211_proto.o,0,1,0,0,1,429,0,55,0
http_utils.c.obj,0,0,0,0,0,378,50,0,0
sockets_ext.c.obj,0,0,0,0,0,427,0,0,0
ip6_addr.c.obj,0,0,0,0,0,400,24,0,0
libc_a-tzcalc_limits.o,0,0,0,0,0,422,0,0,0
ieee80211_crypto_sms4.o,24,0,0,0,24,336,61,0,0
diskio.c.obj,0,8,0,0,8,396,23,0,0
hci_msg.o,0,0,0,0,0,265,148,0,0
libc_a-strtoull.o,0,0,0,0,0,412,0,0,0
libc_a-strtoll.o,0,0,0,0,0,408,0,0,0
ieee80211_reg_db.o,230,0,0,0,230,128,49,0,0
flash_mmap.c.obj,0,0,122,0,122,267,17,0,0
task_wdt_impl_timergroup,0,12,0,0,12,402,0,0,0
ip4_frag.c.obj,0,0,0,0,0,389,9,0,0
xtensa_context.S.obj,0,0,394,0,394,0,0,0,0
ethernet.c.obj,0,0,0,0,0,365,28,0,0
idf_additions.c.obj,0,0,0,0,0,345,46,0,0
sha_hal.c.obj,0,0,0,0,0,391,0,0,0
audio_volume.c.obj,0,0,0,0,0,288,100,0,0
libm_a-math_err.o,0,0,0,0,0,386,0,0,0
vfs_lwip.c.obj,0,0,26,0,26,327,30,0,0
ip6_frag.c.obj,0,4,0,0,4,373,9,0,0
coexist_timer.o,42,0,239,0,281,98,0,0,0
wlanif.c.obj,0,0,0,0,0,365,12,0,0
coexist_api.o,8,0,92,0,100,274,0,0,0
esp_clk.c.obj,9,0,72,0,81,293,0,0,0
sdmmc_init.c.obj,0,0,0,0,0,374,0,0,0
codec_element_helper.c.o,0,0,0,0,0,370,0,0,0
llm_task.o,0,0,0,0,0,369,0,0,0
sta_info.c.obj,0,0,0,0,0,362,0,0,0
NimBLEUUID.cpp.obj,0,0,0,0,0,333,28,0,0
constant_time.c.obj,0,0,0,0,0,357,0,0,0
assert.c.obj,0,0,356,0,356,0,0,0,0
i2c_hal_iram.c.obj,0,0,352,0,352,0,0,0,0
lm_task.o,0,0,0,0,0,351,0,0,0
memp.c.obj,0,0,0,0,0,205,146,0,0
int_wdt.c.obj,0,9,102,0,111,248,0,0,0
si_class_type_info.o,0,0,0,0,0,304,44,0,0
nimble_port.c.obj,0,8,69,0,77,237,40,0,0
sar_periph_ctrl.c.obj,0,4,0,0,4,326,20,0,0
pvmp3_dct_9.cpp.obj,0,0,0,0,0,344,0,0,0
nvs_encrypted_partition.,0,0,0,0,0,292,52,0,0
nvs_partition.cpp.obj,0,0,0,0,0,239,104,0,0
esp_netif_objects.c.obj,0,8,0,0,8,304,38,0,0
llc_task.o,0,0,0,0,0,341,0,0,0
sdspi_crc.c.obj,0,0,0,0,0,84,256,0,0
ieee80211_crypto_tkip.o,24,0,0,0,24,316,0,0,0
esp_flash_spi_init.c.obj,76,4,0,0,80,253,10,0,0
pvmp3_huffman_decoding.c,0,0,0,0,0,332,0,0,0
freertos_hooks.c.obj,8,128,43,0,179,278,0,0,0
class_type_info.o,0,0,0,0,0,282,44,0,0
rwbt.o,0,0,300,0,300,23,0,0,0
ieee80211_action_vendor.,0,12,0,0,12,318,0,0,0
ieee802_11_common.c.obj,0,0,0,0,0,315,0,0,0
log_buffers.c.obj,0,0,0,0,0,314,0,0,0
ap_config.c.obj,0,0,0,0,0,313,0,0,0
windowspill_asm.o,0,0,311,0,311,0,0,0,0
wav_head.c.obj,0,0,0,0,0,306,0,0,0
os_msys_init.c.obj,0,88,0,0,88,285,18,0,0
libc_a-fgets.o,0,0,0,0,0,302,0,0,0
libm_a-e_log10.o,0,0,0,0,0,300,0,0,0
misc_nvs.o,0,33,0,0,33,255,43,0,0
pvmp3_getbits.cpp.obj,0,0,0,0,0,293,0,0,0
board_pins_config.c.obj,0,0,0,0,0,266,26,0,0
tcp_isn_default.c.obj,0,68,0,0,68,292,0,0,0
net_sockets.c.obj,0,0,0,0,0,292,0,0,0
vflash.o,0,2060,0,0,2060,289,0,0,0
libc_a-refill.o,0,0,0,0,0,289,0,0,0
regi2c_ctrl.c.obj,8,0,276,0,284,0,0,0,0
asn1write.c.obj,0,0,0,0,0,283,0,0,0
list.c.obj,0,0,231,0,231,48,0,0,0
esp_time_impl.c.obj,0,12,0,0,12,279,0,0,0
headphone_detect.c.obj,0,4,50,0,54,228,0,0,0
spi_flash_encrypt_hal_ir,36,0,241,0,277,0,0,0,0
interrupts.c.obj,0,0,0,0,0,0,276,0,0
libc_a-fopen.o,0,0,0,0,0,272,0,0,0
transport_internal.c.obj,0,0,0,0,0,225,40,0,0
ble_hs_hci_util.c.obj,0,0,0,0,0,263,0,0,0
eif.o,0,0,21,0,21,242,0,0,0
task.o,0,16,71,0,87,192,0,0,0
sleep_gpio.c.obj,0,0,0,0,0,235,28,0,0
gpio_hal.c.obj,0,0,0,0,0,259,0,0,0
libm_a-s_scalbn.o,0,0,0,0,0,259,0,0,0
pvmp3_reorder.cpp.obj,0,0,0,0,0,258,0,0,0
lib_printf.c.obj,0,0,0,0,0,257,0,0,0
highint_hdl.S.obj,0,0,257,0,257,0,0,0,0
lwip_default_hooks.c.obj,0,0,0,0,0,257,0,0,0
libc_a-fread.o,0,0,0,0,0,256,0,0,0
pk_ecc.c.obj,0,0,0,0,0,251,0,0,0
sha256-prf.c.obj,0,0,0,0,0,250,0,0,0
pvmp3_poly_phase_synthes,0,0,0,0,0,249,0,0,0
log_freertos.c.obj,0,8,249,0,257,0,0,0,0
libc_a-makebuf.o,0,0,0,0,0,247,0,0,0
esp_tls_error_capture.c.,0,0,0,0,0,247,0,0,0
aes_hal.c.obj,0,0,0,0,0,247,0,0,0
spi_flash_chip_mxic.c.ob,129,0,118,0,247,0,0,0,0
libc_a-impure.o,244,0,0,0,244,0,0,0,0
http_auth.c.obj,0,0,0,0,0,228,16,0,0
nvds.o,0,0,0,0,0,243,0,0,0
ble_l2cap_sig_cmd.c.obj,0,0,0,0,0,240,0,0,0
NimBLEAddress.cpp.obj,0,0,0,0,0,240,0,0,0
spi_flash_chip_issi.c.ob,129,0,111,0,240,0,0,0,0
libm_a-w_pow.o,0,0,0,0,0,239,0,0,0
esp_common.c.obj,0,168,0,0,168,237,0,0,0
ieee80211_ets.o,0,0,0,0,0,173,63,0,0
ld_acl.o,0,7,48,0,55,187,0,0,0
hal_utils.c.obj,0,0,0,0,0,234,0,0,0
eh_globals.o,0,13,0,0,13,212,20,0,0
sdk_config.o,2,51,101,0,154,126,0,0,0
flash_ops.c.obj,8,4,91,0,103,108,22,0,0
pvmp3_dct_6.cpp.obj,0,0,0,0,0,228,0,0,0
sha256-kdf.c.obj,0,0,0,0,0,228,0,0,0
brownout.c.obj,47,0,95,0,142,79,5,0,0
libc_a-snprintf.o,0,0,0,0,0,223,0,0,0
pvmp3_mpeg2_get_scale_fa,0,0,0,0,0,223,0,0,0
aes-unwrap.c.obj,0,0,0,0,0,222,0,0,0
ieee80211_mesh_quick.o,7,180,0,0,187,212,0,0,0
ieee80211_nan_disc.o,0,0,0,0,0,219,0,0,0
port_common.c.obj,0,0,0,0,0,154,61,0,0
esp_cache.c.obj,25,0,189,0,214,0,0,0,0
pvmp3_decode_header.cpp.,0,0,0,0,0,213,0,0,0
ble_hs_misc.c.obj,0,0,0,0,0,206,6,0,0
default_event_loop.c.obj,0,4,0,0,4,191,20,0,0
crypto_ops.c.obj,0,0,0,0,0,95,116,0,0
ke_msg.o,0,35,186,0,221,20,0,0,0
pvmp3_mdct_6.cpp.obj,0,0,0,0,0,179,24,0,0
heap_idf.c.obj,0,0,0,0,0,201,0,0,0
libc_a-reent.o,0,0,0,0,0,200,0,0,0
libc_a-sscanf.o,0,0,0,0,0,200,0,0,0
gpio_periph.c.obj,40,0,0,0,40,0,160,0,0
eh_catch.o,0,0,0,0,0,198,0,0,0
libc_a-siscanf.o,0,0,0,0,0,196,0,0,0
mem.c.obj,0,0,0,0,0,175,20,0,0
aes-wrap.c.obj,0,0,0,0,0,194,0,0,0
endian.c.obj,0,0,0,0,0,192,0,0,0
brownout_hal.c.obj,0,0,0,0,0,192,0,0,0
libc_a-fwrite.o,0,0,0,0,0,188,0,0,0
ieee80211_debug.o,0,64,0,0,64,188,0,0,0
rc4.c.obj,0,0,0,0,0,185,0,0,0
wpabuf.c.obj,0,0,0,0,0,183,0,0,0
esp_ota_ops.c.obj,0,4,0,0,4,152,30,0,0
libc_a-asprintf.o,0,0,0,0,0,178,0,0,0
libc_a-wsetup.o,0,0,0,0,0,174,0,0,0
rtc_analog.o,0,0,173,0,173,0,0,0,0
ble_hs_stop.c.obj,0,21,0,0,21,171,0,0,0
libc_a-sprintf.o,0,0,0,0,0,171,0,0,0
hal_mac_rx.o,0,0,170,0,170,0,0,0,0
esp_efuse_api.c.obj,0,0,0,0,0,166,0,0,0
pvmp3_normalize.cpp.obj,0,0,0,0,0,166,0,0,0
ieee80211_crypto_wep.o,24,0,0,0,24,142,0,0,0
efuse_hal.c.obj,0,0,164,0,164,0,0,0,0
hw_random.c.obj,0,4,72,0,76,74,16,0,0
libc_a-puts.o,0,0,0,0,0,158,0,0,0
chip_info.c.obj,0,0,0,0,0,158,0,0,0
libc_a-putc.o,0,0,0,0,0,156,0,0,0
abort.c.obj,0,0,156,0,156,0,0,0,0
ble_hs_mbuf.c.obj,0,0,0,0,0,154,0,0,0
sha1-prf.c.obj,0,0,0,0,0,154,0,0,0
ble_hs_mqueue.c.obj,0,0,0,0,0,153,0,0,0
heap.c.obj,0,0,151,0,151,0,0,0,0
libc_a-fputs.o,0,0,0,0,0,148,0,0,0
functional.o,0,0,0,0,0,93,54,0,0
netbuf.c.obj,0,0,0,0,0,133,13,0,0
esp_err.c.obj,0,0,145,0,145,0,0,0,0
system_time.c.obj,0,8,35,0,43,110,0,0,0
xtensa_intr.c.obj,0,0,26,0,26,119,0,0,0
def.c.obj,0,0,0,0,0,144,0,0,0
eh_exception.o,0,0,0,0,0,64,80,0,0
audio_mem.c.obj,0,0,0,0,0,143,0,0,0
ble_att_cmd.c.obj,0,0,0,0,0,143,0,0,0
esp_aes_common.c.obj,0,0,0,0,0,143,0,0,0
ble_hs_hci_cmd.c.obj,0,0,0,0,0,142,0,0,0
codec_tick.c.obj,0,0,0,0,0,142,0,0,0
cache_err_int.c.obj,0,0,0,0,0,141,0,0,0
ip.c.obj,0,68,0,0,68,113,24,0,0
esp_system.c.obj,0,20,0,0,20,135,0,0,0
pvmp3_get_main_data_size,0,0,0,0,0,131,0,0,0
sleep_modes.c.obj,8,12,0,0,20,123,0,0,0
ethip6.c.obj,0,0,0,0,0,130,0,0,0
spi_flash_os_func_noos.c,40,0,90,0,130,0,0,0,0
libc_a-vsnprintf.o,0,0,0,0,0,129,0,0,0
libc_a-flags.o,0,0,0,0,0,128,0,0,0
ieee80211_ie_vendor.o,0,0,0,0,0,126,0,0,0
config_funcs.o,0,0,0,0,0,125,0,0,0
ffsystem.c.obj,0,12,0,0,12,125,0,0,0
mem.c.obj,0,0,0,0,0,122,0,0,0
libm_a-w_log10.o,0,0,0,0,0,122,0,0,0
addr.c.obj,0,0,0,0,0,121,0,0,0
new_op.o,0,0,0,0,0,75,46,0,0
ble_hs_atomic.c.obj,0,0,0,0,0,116,0,0,0
libc_a-fputc.o,0,0,0,0,0,116,0,0,0
tinfo.o,0,0,0,0,0,84,32,0,0
esp_ipc_isr_handler.S.ob,16,0,95,0,111,0,0,0,0
err.c.obj,0,0,0,0,0,42,68,0,0
plf_funcs.o,0,12,0,0,12,0,108,0,0
spi_periph.c.obj,0,0,0,0,0,0,108,0,0
esp_system_chip.c.obj,0,0,67,0,67,40,0,0,0
os_xtensa.c.obj,0,0,0,0,0,106,0,0,0
nvs_types.cpp.obj,0,0,0,0,0,104,0,0,0
pvmp3_crc.cpp.obj,0,0,0,0,0,102,0,0,0
esp_platform_time.c.obj,0,0,0,0,0,102,0,0,0
libc_a-gettzinfo.o,88,0,0,0,88,12,0,0,0
esp_efuse_table.c.obj,60,0,0,0,60,0,40,0,0
mp4_parser.c.obj,0,0,0,0,0,98,0,0,0
wl_offchan.o,0,8,0,0,8,98,0,0,0
cow-stdexcept.o,0,0,0,0,0,86,12,0,0
libc_a-fprintf.o,0,0,0,0,0,96,0,0,0
libc_a-month_lengths.o,0,0,0,0,0,0,96,0,0
libm_a-s_frexp.o,0,0,0,0,0,95,0,0,0
esp_md.c.obj,0,0,0,0,0,95,0,0,0
esp_owe.c.obj,0,0,0,0,0,95,0,0,0
libc_a-printf.o,0,0,0,0,0,94,0,0,0
crc16.cpp.obj,0,0,0,0,0,92,0,0,0
ble_sm_cmd.c.obj,0,0,0,0,0,90,0,0,0
audio_mutex.c.obj,0,0,0,0,0,89,0,0,0
ogg_decoder.c.obj,0,0,0,0,0,89,0,0,0
_divsf3.o,0,0,0,0,0,89,0,0,0
hal_tsf.o,0,0,0,0,0,89,0,0,0
syscalls.c.obj,0,0,0,0,0,88,0,0,0
eh_throw.o,0,0,0,0,0,88,0,0,0
pvmp3_seek_synch.cpp.obj,0,0,0,0,0,87,0,0,0
co_utils.o,0,0,65,0,65,20,0,0,0
libc_a-vasprintf.o,0,0,0,0,0,85,0,0,0
nimble_port_freertos.c.o,0,4,0,0,4,84,0,0,0
esp_rom_uart.c.obj,0,0,83,0,83,0,0,0,0
led_app.cpp.obj,0,0,0,0,0,83,0,0,0
dbg.o,0,0,0,0,0,66,16,0,0
aac_decoder.c.obj,0,0,0,0,0,81,0,0,0
libc_a-mbrtowc.o,0,0,0,0,0,80,0,0,0
cpu_region_protect.c.obj,0,0,0,0,0,59,20,0,0
esp_pbuf_ref.c.obj,0,0,0,0,0,79,0,0,0
phy_common.c.obj,0,2,0,0,2,79,0,0,0
bad_cast.o,0,0,0,0,0,58,20,0,0
bad_typeid.o,0,0,0,0,0,58,20,0,0
opus_decoder.c.obj,0,0,0,0,0,77,0,0,0
time_spent.cpp.obj,0,0,0,0,0,77,0,0,0
eh_terminate.o,0,0,0,0,0,61,16,0,0
mpu_hal.c.obj,0,0,0,0,0,76,0,0,0
osi.o,0,4,0,0,4,74,0,0,0
flash_brownout_hook.c.ob,0,2,74,0,76,0,0,0,0
bad_alloc.o,0,0,0,0,0,54,20,0,0
bad_array_new.o,0,0,0,0,0,54,20,0,0
nvs_partition_lookup.cpp,0,0,0,0,0,73,0,0,0
ext_mem_layout.c.obj,0,0,0,0,0,0,72,0,0
esp_ipc_isr_port.c.obj,0,0,40,0,40,32,0,0,0
uart_periph.c.obj,0,0,0,0,0,0,72,0,0
cache_esp32.c.obj,8,0,59,0,67,0,0,0,0
libc_a-mbtowc_r.o,0,0,0,0,0,64,0,0,0
panic_handler_asm.S.obj,0,0,64,0,64,0,0,0,0
port_systick.c.obj,0,0,39,0,39,25,0,0,0
sha256.c.obj,0,0,0,0,0,62,0,0,0
sha512.c.obj,0,0,0,0,0,62,0,0,0
state_asm--restore_extra,0,0,62,0,62,0,0,0,0
state_asm--save_extra_nw,0,0,62,0,62,0,0,0,0
libc_a-vprintf.o,0,0,0,0,0,61,0,0,0
wav_decoder.c.obj,0,0,0,0,0,61,0,0,0
ll.o,0,0,49,0,49,11,0,0,0
codec_mem.c.obj,0,0,0,0,0,60,0,0,0
dueros_esp_flash.c.obj,0,0,0,0,0,58,0,0,0
cxx_exception_stubs.cpp.,0,0,0,0,0,57,0,0,0
phy_override.c.obj,0,1,0,0,1,57,0,0,0
libc_a-getenv.o,0,0,0,0,0,56,0,0,0
libc_a-time.o,0,0,0,0,0,56,0,0,0
libc_a-fwalk.o,0,0,0,0,0,55,0,0,0
bt_osi_mem.c.obj,0,0,52,0,52,0,0,0,0
lld_util.o,0,0,0,0,0,52,0,0,0
platform.c.obj,8,0,0,0,8,43,0,0,0
platform_util.c.obj,0,0,0,0,0,47,4,0,0
new_opvnt.o,0,0,0,0,0,35,16,0,0
pp_debug.o,4,252,23,0,279,23,0,0,0
libc_a-fseek.o,0,0,0,0,0,49,0,0,0
md5.c.obj,0,0,0,0,0,49,0,0,0
sha1.c.obj,0,0,0,0,0,49,0,0,0
esp_efuse_api_key.c.obj,0,0,0,0,0,48,0,0,0
sdmmc_periph.c.obj,0,0,0,0,0,0,48,0,0
ble_hs_log.c.obj,0,0,0,0,0,47,0,0,0
random.o,0,0,0,0,0,46,0,0,0
reent_init.c.obj,0,0,45,0,45,0,0,0,0
ieee80211_rfid.o,0,0,0,0,0,44,0,0,0
libc_a-localeconv.o,0,0,0,0,0,43,0,0,0
libc_a-tzlock.o,0,0,0,0,0,42,0,0,0
ble_hs_cfg.c.obj,40,0,0,0,40,0,0,0,0
esp_tls_crypto.c.obj,0,0,0,0,0,40,0,0,0
esp_crypto_lock.c.obj,0,4,0,0,4,40,0,0,0
esp_netif_defaults.c.obj,0,0,0,0,0,0,40,0,0
i2s_periph.c.obj,0,0,0,0,0,0,40,0,0
nvs_platform.cpp.obj,0,4,0,0,4,39,0,0,0
dport_access_common.c.ob,0,0,0,0,0,39,0,0,0
libc_a-tzset.o,0,0,0,0,0,37,0,0,0
esp_decoder.c.obj,0,0,0,0,0,36,0,0,0
esp_mem.c.obj,0,0,0,0,0,34,0,0,0
esp_timer_impl_common.c.,24,0,9,0,33,0,0,0,0
dport_access.c.obj,0,0,33,0,33,0,0,0,0
xtensa_init.c.obj,0,4,32,0,36,0,0,0,0
init.c.obj,0,0,0,0,0,32,0,0,0
interrupts--intlevel.o,0,0,0,0,0,0,32,0,0
bootloader_efuse.c.obj,0,0,30,0,30,0,0,0,0
esp_gpio_reserve.c.obj,0,8,29,0,37,0,0,0,0
esp_memory_utils.c.obj,0,0,29,0,29,0,0,0,0
debug_helpers_asm.S.obj,0,0,29,0,29,0,0,0,0
libc_a-iswspace_l.o,0,0,0,0,0,28,0,0,0
spi_flash_chip_drivers.c,28,0,0,0,28,0,0,0,0
esp_eap_client.c.obj,0,4,0,0,4,28,0,0,0
libc_a-syslseek.o,0,0,0,0,0,25,0,0,0
libc_a-rename.o,0,0,0,0,0,24,0,0,0
libc_a-sysgettod.o,0,0,0,0,0,24,0,0,0
libc_a-sysstat.o,0,0,0,0,0,24,0,0,0
i2c_periph.c.obj,0,0,0,0,0,0,24,0,0
libm_a-s_finite.o,0,0,0,0,0,21,0,0,0
new_handler.o,0,4,0,0,4,20,1,0,0
mpi_periph.c.obj,0,0,0,0,0,0,20,0,0
esp_rom_sys.c.obj,0,0,19,0,19,0,0,0,0
esp_hardware.c.obj,0,0,0,0,0,19,0,0,0
libc_a-iswspace.o,0,0,0,0,0,17,0,0,0
phy.o,0,0,0,0,0,16,0,0,0
new_opv.o,0,0,0,0,0,16,0,0,0
esp_tls_platform_port.c.,0,0,0,0,0,15,0,0,0
sdmmc_hal.c.obj,0,0,0,0,0,14,0,0,0
libm_a-s_nan.o,0,0,0,0,0,14,0,0,0
del_op.o,0,0,0,0,0,14,0,0,0
del_ops.o,0,0,0,0,0,14,0,0,0
del_opv.o,0,0,0,0,0,14,0,0,0
del_opvs.o,0,0,0,0,0,14,0,0,0
libc_a-errno.o,0,0,0,0,0,13,0,0,0
libc_a-findfp.o,12,316,0,0,328,0,0,0,0
esp_netif_lwip_defaults.,4,0,0,0,4,0,8,0,0
libm_a-s_fabs.o,0,0,0,0,0,12,0,0,0
pthread.c.obj,0,0,0,0,0,12,0,0,0
libm_a-sf_nan.o,0,0,0,0,0,11,0,0,0
flash_encrypt.c.obj,0,0,10,0,10,0,0,0,0
led.o,0,0,0,0,0,10,0,0,0
esp_ipc_isr_routines.S.o,0,0,10,0,10,0,0,0,0
bootloader_mem.c.obj,0,0,0,0,0,8,0,0,0
libc_a-tzvars.o,8,8,0,0,16,0,0,0,0
int_asm--set_intclear.o,0,0,8,0,8,0,0,0,0
libc_a-u_strerr.o,0,0,0,0,0,7,0,0,0
crti.o,0,0,0,3,3,3,0,0,0
emi.o,0,0,0,0,0,5,0,0,0
ke.o,0,0,0,0,0,5,0,0,0
syscntl.o,0,0,0,0,0,5,0,0,0
cxx_guards.cpp.obj,0,0,0,0,0,5,0,0,0
mspi_timing_tuning.c.obj,0,0,5,0,5,0,0,0,0
ubsan.c.obj,0,0,5,0,5,0,0,0,0
nvs_sec_provider.c.obj,0,0,0,0,0,5,0,0,0
pthread_cond_var.c.obj,0,0,0,0,0,5,0,0,0
pthread_rwlock.c.obj,0,0,0,0,0,5,0,0,0
pthread_semaphore.c.obj,0,0,0,0,0,5,0,0,0
crtbegin.o,0,0,0,0,0,0,4,0,0
crtend.o,0,0,0,0,0,0,4,0,0
btdm_log.o,4,0,0,0,4,0,0,0,0
eh_term_handler.o,4,0,0,0,4,0,0,0,0
lm.o,1,10,0,0,11,0,0,0,0
crt0.o,0,0,0,0,0,0,0,0,0
crtn.o,0,0,0,0,0,0,0,0,0
project_elf_src_esp32.c.,0,0,0,0,0,0,0,0,0
tw_ldcfg.c.obj,0,0,0,0,0,0,0,0,0
vprocTwolf_access.c.obj,0,0,0,0,0,0,0,0,0
vproc_common.c.obj,0,0,0,0,0,0,0,0,0
audio_sys.c.obj,0,0,0,0,0,0,0,0,0
bootloader_common.c.obj,0,0,0,0,0,0,0,0,0
bootloader_common_loader,0,0,0,0,0,0,0,0,0
bootloader_random_esp32.,0,0,0,0,0,0,0,0,0
bootloader_sha.c.obj,0,0,0,0,0,0,0,0,0
bootloader_utility.c.obj,0,0,0,0,0,0,0,0,0
esp_image_format.c.obj,0,0,0,0,0,0,0,0,0
flash_partitions.c.obj,0,0,0,0,0,0,0,0,0
flash_qio_mode.c.obj,0,0,0,0,0,0,0,0,0
bt_util_buf.o,0,0,0,0,0,0,0,0,0
bt_util_sp.o,0,0,0,0,0,0,0,0,0
lb_task.o,0,0,0,0,0,0,0,0,0
lc.o,0,0,0,0,0,0,0,0,0
lc_lmppdu.o,0,0,0,0,0,0,0,0,0
lc_sco.o,0,0,0,0,0,0,0,0,0
lc_sniff.o,0,0,0,0,0,0,0,0,0
lc_task.o,0,0,0,0,0,0,0,0,0
lc_util.o,0,0,0,0,0,0,0,0,0
ld.o,0,0,0,0,0,0,0,0,0
ld_fm.o,0,0,0,0,0,0,0,0,0
ld_inq.o,0,0,0,0,0,0,0,0,0
ld_pscan.o,0,0,0,0,0,0,0,0,0
ld_sched.o,0,0,0,0,0,0,0,0,0
ld_sscan.o,0,0,0,0,0,0,0,0,0
lm_sco.o,0,0,0,0,0,0,0,0,0
libc_a-__call_atexit.o,0,0,0,0,0,0,0,0,0
libc_a-arc4random.o,0,0,0,0,0,0,0,0,0
libc_a-atoi.o,0,0,0,0,0,0,0,0,0
libc_a-bzero.o,0,0,0,0,0,0,0,0,0
libc_a-clearerr.o,0,0,0,0,0,0,0,0,0
libc_a-ctype_.o,0,0,0,0,0,0,0,0,0
libc_a-div.o,0,0,0,0,0,0,0,0,0
libc_a-environ.o,0,0,0,0,0,0,0,0,0
libc_a-envlock.o,0,0,0,0,0,0,0,0,0
libc_a-exit.o,0,0,0,0,0,0,0,0,0
libc_a-explicit_bzero.o,0,0,0,0,0,0,0,0,0
libc_a-fclose.o,0,0,0,0,0,0,0,0,0
libc_a-ferror.o,0,0,0,0,0,0,0,0,0
libc_a-fflush.o,0,0,0,0,0,0,0,0,0
libc_a-fgetc.o,0,0,0,0,0,0,0,0,0
libc_a-ftell.o,0,0,0,0,0,0,0,0,0
libc_a-ftello.o,0,0,0,0,0,0,0,0,0
libc_a-getenv_r.o,0,0,0,0,0,0,0,0,0
libc_a-gmtime.o,0,0,0,0,0,0,0,0,0
libc_a-itoa.o,0,0,0,0,0,0,0,0,0
libc_a-memchr.o,0,0,0,0,0,0,0,0,0
libc_a-memcmp.o,0,0,0,0,0,0,0,0,0
libc_a-memcpy.o,0,0,0,0,0,0,0,0,0
libc_a-memmove.o,0,0,0,0,0,0,0,0,0
libc_a-memset.o,0,0,0,0,0,0,0,0,0
libc_a-putchar.o,0,0,0,0,0,0,0,0,0
libc_a-qsort.o,0,0,0,0,0,0,0,0,0
libc_a-rand.o,0,0,0,0,0,0,0,0,0
libc_a-remove.o,0,0,0,0,0,0,0,0,0
libc_a-rewind.o,0,0,0,0,0,0,0,0,0
libc_a-rget.o,0,0,0,0,0,0,0,0,0
libc_a-sccl.o,0,0,0,0,0,0,0,0,0
libc_a-setbuf.o,0,0,0,0,0,0,0,0,0
libc_a-setvbuf.o,0,0,0,0,0,0,0,0,0
libc_a-stdio.o,0,0,0,0,0,0,0,0,0
libc_a-strcasecmp.o,0,0,0,0,0,0,0,0,0
libc_a-strcasestr.o,0,0,0,0,0,0,0,0,0
libc_a-strcat.o,0,0,0,0,0,0,0,0,0
libc_a-strchr.o,0,0,0,0,0,0,0,0,0
libc_a-strcmp.o,0,0,0,0,0,0,0,0,0
libc_a-strcpy.o,0,0,0,0,0,0,0,0,0
libc_a-strcspn.o,0,0,0,0,0,0,0,0,0
libc_a-strdup.o,0,0,0,0,0,0,0,0,0
libc_a-strdup_r.o,0,0,0,0,0,0,0,0,0
libc_a-strerror_r.o,0,0,0,0,0,0,0,0,0
libc_a-strlcat.o,0,0,0,0,0,0,0,0,0
libc_a-strlcpy.o,0,0,0,0,0,0,0,0,0
libc_a-strlen.o,0,0,0,0,0,0,0,0,0
libc_a-strncasecmp.o,0,0,0,0,0,0,0,0,0
libc_a-strncmp.o,0,0,0,0,0,0,0,0,0
libc_a-strncpy.o,0,0,0,0,0,0,0,0,0
libc_a-strndup.o,0,0,0,0,0,0,0,0,0
libc_a-strndup_r.o,0,0,0,0,0,0,0,0,0
libc_a-strnlen.o,0,0,0,0,0,0,0,0,0
libc_a-strrchr.o,0,0,0,0,0,0,0,0,0
libc_a-strstr.o,0,0,0,0,0,0,0,0,0
libc_a-strtok.o,0,0,0,0,0,0,0,0,0
libc_a-strtok_r.o,0,0,0,0,0,0,0,0,0
libc_a-strtol.o,0,0,0,0,0,0,0,0,0
libc_a-strtoul.o,0,0,0,0,0,0,0,0,0
libc_a-sysclose.o,0,0,0,0,0,0,0,0,0
libc_a-sysopen.o,0,0,0,0,0,0,0,0,0
libc_a-sysread.o,0,0,0,0,0,0,0,0,0
libc_a-syswrite.o,0,0,0,0,0,0,0,0,0
libc_a-ungetc.o,0,0,0,0,0,0,0,0,0
libc_a-utoa.o,0,0,0,0,0,0,0,0,0
libc_a-wbuf.o,0,0,0,0,0,0,0,0,0
libc_a-wctomb_r.o,0,0,0,0,0,0,0,0,0
display_service.c.obj,0,0,0,0,0,0,0,0,0
led_indicator.c.obj,0,0,0,0,0,0,0,0,0
ledc.c.obj,0,0,0,0,0,0,0,0,0
touch_sensor.c.obj,0,0,0,0,0,0,0,0,0
touch_sensor_common.c.ob,0,0,0,0,0,0,0,0,0
baidu_json.c.obj,0,0,0,0,0,0,0,0,0
lightduer_bitmap.c.obj,0,0,0,0,0,0,0,0,0
lightduer_debug.c.obj,0,0,0,0,0,0,0,0,0
lightduer_flash.c.obj,0,0,0,0,0,0,0,0,0
lightduer_flash_strings.,0,0,0,0,0,0,0,0,0
lightduer_memory.c.obj,0,0,0,0,0,0,0,0,0
lightduer_mutex.c.obj,0,0,0,0,0,0,0,0,0
esp_efuse_fields.c.obj,0,0,0,0,0,0,0,0,0
NimBLE2904.cpp.obj,0,0,0,0,0,0,0,0,0
NimBLERemoteDescriptor.c,0,0,0,0,0,0,0,0,0
NimBLEUtils.cpp.obj,0,0,0,0,0,0,0,0,0
CNG.c.obj,0,0,0,0,0,0,0,0,0
LPC_analysis_filter.c.ob,0,0,0,0,0,0,0,0,0
LPC_fit.c.obj,0,0,0,0,0,0,0,0,0
LPC_inv_pred_gain.c.obj,0,0,0,0,0,0,0,0,0
NLSF2A.c.obj,0,0,0,0,0,0,0,0,0
NLSF_decode.c.obj,0,0,0,0,0,0,0,0,0
NLSF_stabilize.c.obj,0,0,0,0,0,0,0,0,0
NLSF_unpack.c.obj,0,0,0,0,0,0,0,0,0
PLC.c.obj,0,0,0,0,0,0,0,0,0
analysis_sub_band.c.obj,0,0,0,0,0,0,0,0,0
apply_ms_synt.c.obj,0,0,0,0,0,0,0,0,0
apply_tns.c.obj,0,0,0,0,0,0,0,0,0
bands.c.obj,0,0,0,0,0,0,0,0,0
bitwise.c.obj,0,0,0,0,0,0,0,0,0
buf_getbits.c.obj,0,0,0,0,0,0,0,0,0
bwexpander.c.obj,0,0,0,0,0,0,0,0,0
bwexpander_32.c.obj,0,0,0,0,0,0,0,0,0
byte_align.c.obj,0,0,0,0,0,0,0,0,0
calc_auto_corr.c.obj,0,0,0,0,0,0,0,0,0
calc_gsfb_table.c.obj,0,0,0,0,0,0,0,0,0
calc_sbr_anafilterbank.c,0,0,0,0,0,0,0,0,0
calc_sbr_anafilterbank_c,0,0,0,0,0,0,0,0,0
calc_sbr_envelope.c.obj,0,0,0,0,0,0,0,0,0
calc_sbr_synfilterbank.c,0,0,0,0,0,0,0,0,0
calc_sbr_synfilterbank_o,0,0,0,0,0,0,0,0,0
celt.c.obj,0,0,0,0,0,0,0,0,0
celt_decoder.c.obj,0,0,0,0,0,0,0,0,0
celt_lpc.c.obj,0,0,0,0,0,0,0,0,0
check_crc.c.obj,0,0,0,0,0,0,0,0,0
code_signs.c.obj,0,0,0,0,0,0,0,0,0
codebook.c.obj,0,0,0,0,0,0,0,0,0
cwrs.c.obj,0,0,0,0,0,0,0,0,0
dct16.c.obj,0,0,0,0,0,0,0,0,0
dct64.c.obj,0,0,0,0,0,0,0,0,0
dec_API.c.obj,0,0,0,0,0,0,0,0,0
decode_core.c.obj,0,0,0,0,0,0,0,0,0
decode_frame.c.obj,0,0,0,0,0,0,0,0,0
decode_huff_cw_binary.c.,0,0,0,0,0,0,0,0,0
decode_indices.c.obj,0,0,0,0,0,0,0,0,0
decode_noise_floorlevels,0,0,0,0,0,0,0,0,0
decode_parameters.c.obj,0,0,0,0,0,0,0,0,0
decode_pitch.c.obj,0,0,0,0,0,0,0,0,0
decode_pulses.c.obj,0,0,0,0,0,0,0,0,0
decoder_set_fs.c.obj,0,0,0,0,0,0,0,0,0
deinterleave.c.obj,0,0,0,0,0,0,0,0,0
digit_reversal_tables.c.,0,0,0,0,0,0,0,0,0
dsp.c.obj,0,0,0,0,0,0,0,0,0
dsps_dotprod_s16_ae32.S.,0,0,0,0,0,0,0,0,0
dst16.c.obj,0,0,0,0,0,0,0,0,0
dst32.c.obj,0,0,0,0,0,0,0,0,0
dst8.c.obj,0,0,0,0,0,0,0,0,0
entcode.c.obj,0,0,0,0,0,0,0,0,0
entdec.c.obj,0,0,0,0,0,0,0,0,0
entenc.c.obj,0,0,0,0,0,0,0,0,0
esc_iquant_scaling.c.obj,0,0,0,0,0,0,0,0,0
extractframeinfo.c.obj,0,0,0,0,0,0,0,0,0
fft_rx4_long.c.obj,0,0,0,0,0,0,0,0,0
fft_rx4_short.c.obj,0,0,0,0,0,0,0,0,0
fft_rx4_tables_fxp.c.obj,0,0,0,0,0,0,0,0,0
find_adts_syncword.c.obj,0,0,0,0,0,0,0,0,0
floor0.c.obj,0,0,0,0,0,0,0,0,0
floor1.c.obj,0,0,0,0,0,0,0,0,0
floor_lookup.c.obj,0,0,0,0,0,0,0,0,0
framing.c.obj,0,0,0,0,0,0,0,0,0
fwd_long_complex_rot.c.o,0,0,0,0,0,0,0,0,0
fwd_short_complex_rot.c.,0,0,0,0,0,0,0,0,0
gain_quant.c.obj,0,0,0,0,0,0,0,0,0
gen_rand_vector.c.obj,0,0,0,0,0,0,0,0,0
get_adif_header.c.obj,0,0,0,0,0,0,0,0,0
get_adts_header.c.obj,0,0,0,0,0,0,0,0,0
get_dse.c.obj,0,0,0,0,0,0,0,0,0
get_ele_list.c.obj,0,0,0,0,0,0,0,0,0
get_ics_info.c.obj,0,0,0,0,0,0,0,0,0
get_prog_config.c.obj,0,0,0,0,0,0,0,0,0
get_pulse_data.c.obj,0,0,0,0,0,0,0,0,0
get_sbr_bitstream.c.obj,0,0,0,0,0,0,0,0,0
get_sbr_startfreq.c.obj,0,0,0,0,0,0,0,0,0
get_sbr_stopfreq.c.obj,0,0,0,0,0,0,0,0,0
get_tns.c.obj,0,0,0,0,0,0,0,0,0
getfill.c.obj,0,0,0,0,0,0,0,0,0
getgroup.c.obj,0,0,0,0,0,0,0,0,0
getics.c.obj,0,0,0,0,0,0,0,0,0
getmask.c.obj,0,0,0,0,0,0,0,0,0
hcbtables_binary.c.obj,0,0,0,0,0,0,0,0,0
huffcb.c.obj,0,0,0,0,0,0,0,0,0
huffdecode.c.obj,0,0,0,0,0,0,0,0,0
hufffac.c.obj,0,0,0,0,0,0,0,0,0
huffspec_fxp.c.obj,0,0,0,0,0,0,0,0,0
idct16.c.obj,0,0,0,0,0,0,0,0,0
idct32.c.obj,0,0,0,0,0,0,0,0,0
idct8.c.obj,0,0,0,0,0,0,0,0,0
ima_adpcm.c.obj,0,0,0,0,0,0,0,0,0
imdct_fxp.c.obj,0,0,0,0,0,0,0,0,0
info.c.obj,0,0,0,0,0,0,0,0,0
infoinit.c.obj,0,0,0,0,0,0,0,0,0
init_decoder.c.obj,0,0,0,0,0,0,0,0,0
init_sbr_dec.c.obj,0,0,0,0,0,0,0,0,0
intensity_right.c.obj,0,0,0,0,0,0,0,0,0
inv_long_complex_rot.c.o,0,0,0,0,0,0,0,0,0
inv_short_complex_rot.c.,0,0,0,0,0,0,0,0,0
iquant_table.c.obj,0,0,0,0,0,0,0,0,0
kiss_fft.c.obj,0,0,0,0,0,0,0,0,0
laplace.c.obj,0,0,0,0,0,0,0,0,0
lin2log.c.obj,0,0,0,0,0,0,0,0,0
log2lin.c.obj,0,0,0,0,0,0,0,0,0
long_term_prediction.c.o,0,0,0,0,0,0,0,0,0
long_term_synthesis.c.ob,0,0,0,0,0,0,0,0,0
mapping0.c.obj,0,0,0,0,0,0,0,0,0
mathops.c.obj,0,0,0,0,0,0,0,0,0
mdct.c.obj,0,0,0,0,0,0,0,0,0
mdct_fxp.c.obj,0,0,0,0,0,0,0,0,0
mdct_tables_fxp.c.obj,0,0,0,0,0,0,0,0,0
mdst.c.obj,0,0,0,0,0,0,0,0,0
mix_radix_fft.c.obj,0,0,0,0,0,0,0,0,0
modes.c.obj,0,0,0,0,0,0,0,0,0
ms_synt.c.obj,0,0,0,0,0,0,0,0,0
ogg_container_tag.c.obj,0,0,0,0,0,0,0,0,0
opus.c.obj,0,0,0,0,0,0,0,0,0
opus_decoder.c.obj,0,0,0,0,0,0,0,0,0
opus_header.c.obj,0,0,0,0,0,0,0,0,0
opus_interface.c.obj,0,0,0,0,0,0,0,0,0
opus_multistream.c.obj,0,0,0,0,0,0,0,0,0
opus_multistream_decoder,0,0,0,0,0,0,0,0,0
pitch.c.obj,0,0,0,0,0,0,0,0,0
pitch_est_tables.c.obj,0,0,0,0,0,0,0,0,0
pns_corr.c.obj,0,0,0,0,0,0,0,0,0
pns_intensity_right.c.ob,0,0,0,0,0,0,0,0,0
pns_left.c.obj,0,0,0,0,0,0,0,0,0
ps_all_pass_filter_coeff,0,0,0,0,0,0,0,0,0
ps_all_pass_fract_delay_,0,0,0,0,0,0,0,0,0
ps_allocate_decoder.c.ob,0,0,0,0,0,0,0,0,0
ps_applied.c.obj,0,0,0,0,0,0,0,0,0
ps_bstr_decoding.c.obj,0,0,0,0,0,0,0,0,0
ps_channel_filtering.c.o,0,0,0,0,0,0,0,0,0
ps_decode_bs_utils.c.obj,0,0,0,0,0,0,0,0,0
ps_decorrelate.c.obj,0,0,0,0,0,0,0,0,0
ps_fft_rx8.c.obj,0,0,0,0,0,0,0,0,0
ps_hybrid_analysis.c.obj,0,0,0,0,0,0,0,0,0
ps_hybrid_filter_bank_al,0,0,0,0,0,0,0,0,0
ps_hybrid_synthesis.c.ob,0,0,0,0,0,0,0,0,0
ps_init_stereo_mixing.c.,0,0,0,0,0,0,0,0,0
ps_pwr_transient_detecti,0,0,0,0,0,0,0,0,0
ps_read_data.c.obj,0,0,0,0,0,0,0,0,0
ps_stereo_processing.c.o,0,0,0,0,0,0,0,0,0
pulse_nc.c.obj,0,0,0,0,0,0,0,0,0
pv_div.c.obj,0,0,0,0,0,0,0,0,0
pv_log2.c.obj,0,0,0,0,0,0,0,0,0
pv_normalize.c.obj,0,0,0,0,0,0,0,0,0
pv_pow2.c.obj,0,0,0,0,0,0,0,0,0
pv_sine.c.obj,0,0,0,0,0,0,0,0,0
pv_split_LC_opt.S.obj,0,0,0,0,0,0,0,0,0
pv_sqrt.c.obj,0,0,0,0,0,0,0,0,0
pvmp4audiodecoderframe.c,0,0,0,0,0,0,0,0,0
pvmp4audiodecodergetmemr,0,0,0,0,0,0,0,0,0
pvmp4audiodecoderinitlib,0,0,0,0,0,0,0,0,0
q_normalize.c.obj,0,0,0,0,0,0,0,0,0
qmf_filterbank_coeff.c.o,0,0,0,0,0,0,0,0,0
quant_bands.c.obj,0,0,0,0,0,0,0,0,0
rate.c.obj,0,0,0,0,0,0,0,0,0
res012.c.obj,0,0,0,0,0,0,0,0,0
resampler.c.obj,0,0,0,0,0,0,0,0,0
resampler_private_AR2.c.,0,0,0,0,0,0,0,0,0
resampler_private_IIR_FI,0,0,0,0,0,0,0,0,0
resampler_private_down_F,0,0,0,0,0,0,0,0,0
resampler_private_up2_HQ,0,0,0,0,0,0,0,0,0
resampler_rom.c.obj,0,0,0,0,0,0,0,0,0
sbr_aliasing_reduction.c,0,0,0,0,0,0,0,0,0
sbr_applied.c.obj,0,0,0,0,0,0,0,0,0
sbr_code_book_envlevel.c,0,0,0,0,0,0,0,0,0
sbr_crc_check.c.obj,0,0,0,0,0,0,0,0,0
sbr_create_limiter_bands,0,0,0,0,0,0,0,0,0
sbr_dec.c.obj,0,0,0,0,0,0,0,0,0
sbr_decode_envelope.c.ob,0,0,0,0,0,0,0,0,0
sbr_decode_huff_cw.c.obj,0,0,0,0,0,0,0,0,0
sbr_downsample_lo_res.c.,0,0,0,0,0,0,0,0,0
sbr_envelope_calc_tbl.c.,0,0,0,0,0,0,0,0,0
sbr_envelope_unmapping.c,0,0,0,0,0,0,0,0,0
sbr_extract_extended_dat,0,0,0,0,0,0,0,0,0
sbr_find_start_andstop_b,0,0,0,0,0,0,0,0,0
sbr_generate_high_freq.c,0,0,0,0,0,0,0,0,0
sbr_get_additional_data.,0,0,0,0,0,0,0,0,0
sbr_get_cpe.c.obj,0,0,0,0,0,0,0,0,0
sbr_get_dir_control_data,0,0,0,0,0,0,0,0,0
sbr_get_envelope.c.obj,0,0,0,0,0,0,0,0,0
sbr_get_header_data.c.ob,0,0,0,0,0,0,0,0,0
sbr_get_noise_floor_data,0,0,0,0,0,0,0,0,0
sbr_get_sce.c.obj,0,0,0,0,0,0,0,0,0
sbr_inv_filt_levelemphas,0,0,0,0,0,0,0,0,0
sbr_open.c.obj,0,0,0,0,0,0,0,0,0
sbr_read_data.c.obj,0,0,0,0,0,0,0,0,0
sbr_requantize_envelope_,0,0,0,0,0,0,0,0,0
sbr_reset_dec.c.obj,0,0,0,0,0,0,0,0,0
sbr_update_freq_scale.c.,0,0,0,0,0,0,0,0,0
set_mc_info.c.obj,0,0,0,0,0,0,0,0,0
sfb.c.obj,0,0,0,0,0,0,0,0,0
shell_coder.c.obj,0,0,0,0,0,0,0,0,0
shellsort.c.obj,0,0,0,0,0,0,0,0,0
sort.c.obj,0,0,0,0,0,0,0,0,0
stereo_MS_to_LR.c.obj,0,0,0,0,0,0,0,0,0
stereo_decode_pred.c.obj,0,0,0,0,0,0,0,0,0
sum_sqr_shift.c.obj,0,0,0,0,0,0,0,0,0
synthesis_sub_band.c.obj,0,0,0,0,0,0,0,0,0
synthesis_sub_band_LC_co,0,0,0,0,0,0,0,0,0
synthesis_sub_band_LC_co,0,0,0,0,0,0,0,0,0
table_LSF_cos.c.obj,0,0,0,0,0,0,0,0,0
tables_LTP.c.obj,0,0,0,0,0,0,0,0,0
tables_NLSF_CB_NB_MB.c.o,0,0,0,0,0,0,0,0,0
tables_NLSF_CB_WB.c.obj,0,0,0,0,0,0,0,0,0
tables_gain.c.obj,0,0,0,0,0,0,0,0,0
tables_other.c.obj,0,0,0,0,0,0,0,0,0
tables_pitch_lag.c.obj,0,0,0,0,0,0,0,0,0
tables_pulses_per_block.,0,0,0,0,0,0,0,0,0
tns_ar_filter.c.obj,0,0,0,0,0,0,0,0,0
tns_decode_coef.c.obj,0,0,0,0,0,0,0,0,0
tns_inv_filter.c.obj,0,0,0,0,0,0,0,0,0
trans4m_freq_2_time_fxp.,0,0,0,0,0,0,0,0,0
trans4m_time_2_freq_fxp.,0,0,0,0,0,0,0,0,0
unpack_idx.c.obj,0,0,0,0,0,0,0,0,0
vorbisfile.c.obj,0,0,0,0,0,0,0,0,0
vq.c.obj,0,0,0,0,0,0,0,0,0
window_tables_fxp.c.obj,0,0,0,0,0,0,0,0,0
periph_service.c.obj,0,0,0,0,0,0,0,0,0
rtc_sleep.c.obj,0,0,0,0,0,0,0,0,0
sleep_event.c.obj,0,0,0,0,0,0,0,0,0
sleep_modem.c.obj,0,0,0,0,0,0,0,0,0
ethernetif.c.obj,0,0,0,0,0,0,0,0,0
button.c.obj,0,0,0,0,0,0,0,0,0
periph_button.c.obj,0,0,0,0,0,0,0,0,0
periph_led.c.obj,0,0,0,0,0,0,0,0,0
periph_touch.c.obj,0,0,0,0,0,0,0,0,0
touch.c.obj,0,0,0,0,0,0,0,0,0
audio_format.c.obj,0,0,0,0,0,0,0,0,0
audio_type_def.c.obj,0,0,0,0,0,0,0,0,0
esp_rom_spiflash.c.obj,0,0,0,0,0,0,0,0,0
mesh_event.c.obj,0,0,0,0,0,0,0,0,0
stream_buffer.c.obj,0,0,0,0,0,0,0,0,0
_addsubdf3.o,0,0,0,0,0,0,0,0,0
_ashldi3.o,0,0,0,0,0,0,0,0,0
_ashrdi3.o,0,0,0,0,0,0,0,0,0
_bswapdi2.o,0,0,0,0,0,0,0,0,0
_bswapsi2.o,0,0,0,0,0,0,0,0,0
_cmpdf2.o,0,0,0,0,0,0,0,0,0
_divdf3.o,0,0,0,0,0,0,0,0,0
_divdi3.o,0,0,0,0,0,0,0,0,0
_extendsfdf2.o,0,0,0,0,0,0,0,0,0
_ffsdi2.o,0,0,0,0,0,0,0,0,0
_fixdfdi.o,0,0,0,0,0,0,0,0,0
_fixdfsi.o,0,0,0,0,0,0,0,0,0
_fixunsdfsi.o,0,0,0,0,0,0,0,0,0
_floatdidf.o,0,0,0,0,0,0,0,0,0
_floatdisf.o,0,0,0,0,0,0,0,0,0
_floatsidf.o,0,0,0,0,0,0,0,0,0
_moddi3.o,0,0,0,0,0,0,0,0,0
_muldf3.o,0,0,0,0,0,0,0,0,0
_popcountsi2.o,0,0,0,0,0,0,0,0,0
_truncdfsf2.o,0,0,0,0,0,0,0,0,0
_udivdi3.o,0,0,0,0,0,0,0,0,0
_umoddi3.o,0,0,0,0,0,0,0,0,0
ledc_hal.c.obj,0,0,0,0,0,0,0,0,0
ledc_hal_iram.c.obj,0,0,0,0,0,0,0,0,0
rtc_io_hal.c.obj,0,0,0,0,0,0,0,0,0
touch_sensor_hal.c.obj,0,0,0,0,0,0,0,0,0
libm_a-s_floor.o,0,0,0,0,0,0,0,0,0
pkwrite.c.obj,0,0,0,0,0,0,0,0,0
psa_crypto.c.obj,0,0,0,0,0,0,0,0,0
psa_crypto_aead.c.obj,0,0,0,0,0,0,0,0,0
psa_crypto_cipher.c.obj,0,0,0,0,0,0,0,0,0
psa_crypto_client.c.obj,0,0,0,0,0,0,0,0,0
psa_crypto_driver_wrappe,0,0,0,0,0,0,0,0,0
psa_crypto_ecp.c.obj,0,0,0,0,0,0,0,0,0
psa_crypto_hash.c.obj,0,0,0,0,0,0,0,0,0
psa_crypto_mac.c.obj,0,0,0,0,0,0,0,0,0
psa_crypto_rsa.c.obj,0,0,0,0,0,0,0,0,0
psa_crypto_slot_manageme,0,0,0,0,0,0,0,0,0
psa_crypto_storage.c.obj,0,0,0,0,0,0,0,0,0
psa_its_file.c.obj,0,0,0,0,0,0,0,0,0
psa_util.c.obj,0,0,0,0,0,0,0,0,0
mesh.o,0,0,0,0,0,0,0,0,0
mesh_common.o,0,0,0,0,0,0,0,0,0
mesh_config.o,0,0,0,0,0,0,0,0,0
mesh_io.o,0,0,0,0,0,0,0,0,0
mesh_main.o,0,0,0,0,0,0,0,0,0
mesh_network.o,0,0,0,0,0,0,0,0,0
mesh_parent.o,0,0,0,0,0,0,0,0,0
mesh_quick.o,0,0,0,0,0,0,0,0,0
mesh_route.o,0,0,0,0,0,0,0,0,0
mesh_schedule.o,0,0,0,0,0,0,0,0,0
mesh_sleep.o,0,0,0,0,0,0,0,0,0
mesh_timer.o,0,0,0,0,0,0,0,0,0
mesh_utilities.o,0,0,0,0,0,0,0,0,0
mesh_wifi.o,0,0,0,0,0,0,0,0,0
ieee80211_nan_sd.o,0,0,0,0,0,0,0,0,0
getentropy.c.obj,0,0,0,0,0,0,0,0,0
random.c.obj,0,0,0,0,0,0,0,0,0
rtc.o,0,0,0,0,0,0,0,0,0
ledc_periph.c.obj,0,0,0,0,0,0,0,0,0
touch_sensor_periph.c.ob,0,0,0,0,0,0,0,0,0
eh_unex_handler.o,0,0,0,0,0,0,0,0,0
sso_string.o,0,0,0,0,0,0,0,0,0
chap.c.obj,0,0,0,0,0,0,0,0,0
des-internal.c.obj,0,0,0,0,0,0,0,0,0
eap.c.obj,0,0,0,0,0,0,0,0,0
eap_common.c.obj,0,0,0,0,0,0,0,0,0
eap_mschapv2.c.obj,0,0,0,0,0,0,0,0,0
eap_peap.c.obj,0,0,0,0,0,0,0,0,0
eap_peap_common.c.obj,0,0,0,0,0,0,0,0,0
eap_tls.c.obj,0,0,0,0,0,0,0,0,0
eap_tls_common.c.obj,0,0,0,0,0,0,0,0,0
eap_ttls.c.obj,0,0,0,0,0,0,0,0,0
md4-internal.c.obj,0,0,0,0,0,0,0,0,0
ms_funcs.c.obj,0,0,0,0,0,0,0,0,0
mschapv2.c.obj,0,0,0,0,0,0,0,0,0
tls_mbedtls.c.obj,0,0,0,0,0,0,0,0,0
wpa_debug.c.obj,0,0,0,0,0,0,0,0,0
